,FT-L,MEMIT,ROME,GPT-2 XL
count,1000.0,1000.0,1000.0,1000.0
mean,7.176876492044389e-06,2.923183707952548e-07,1.4927677188148647e-06,0.0
std,9.787248784716017e-08,1.9009997610199844e-08,5.680884035774606e-08,0.0
min,6.856192355444799e-06,2.385599487274494e-07,1.3003925336100382e-06,0.0
0.5%,6.931214333277955e-06,2.4586359118980654e-07,1.3535342097271263e-06,0.0
50%,7.178529496894133e-06,2.919113532952201e-07,1.493945989887888e-06,0.0
99.5%,7.419909843783452e-06,3.4246725423520306e-07,1.624685285647706e-06,0.0
max,7.499986849240365e-06,3.647160826703029e-07,1.7192893236997582e-06,0.0
