,FT-L,MEMIT,ROME,GPT-2 XL
count,1000.0,1000.0,1000.0,1000.0
mean,9.517890611602632e-06,8.962756645484832e-06,3.2665044103649186e-05,0.0
std,6.716252092958341e-08,5.8553040997107116e-08,1.3005074418913804e-07,0.0
min,9.277839847239116e-06,8.790970481505934e-06,3.2248066427567243e-05,0.0
0.5%,9.348431353701406e-06,8.813681971127871e-06,3.231855359093549e-05,0.0
50%,9.516428425016175e-06,8.963148486537927e-06,3.266149721616527e-05,0.0
99.5%,9.68611964112384e-06,9.113275002094992e-06,3.300251611806043e-05,0.0
max,9.738275256998976e-06,9.183941962153604e-06,3.306466622339222e-05,0.0
