,FT-L,MEMIT,ROME,GPT-2 XL
count,1000.0,1000.0,1000.0,1000.0
mean,0.014752864665750856,-0.05539422751086848,-0.3797618688722424,0.07537303802238308
std,0.001151146462195696,0.0012900743238640155,0.0018839029612015635,0.000937722227342513
min,0.0102812320581978,-0.0605178385244789,-0.3850065849850235,0.0723924697581173
0.5%,0.011857275735996892,-0.05863280449224796,-0.38435486065873004,0.0730948531281683
50%,0.01476011792372255,-0.05546045598210945,-0.379783578558878,0.07536257268514775
99.5%,0.017637628038268138,-0.052021106777207185,-0.3749387914315529,0.0778557702342464
max,0.018787514196551,-0.0513083704458614,-0.3724250496499385,0.0785602375642137
