,FT-L,MEMIT,ROME,GPT-2 XL
count,1000.0,1000.0,1000.0,1000.0
mean,0.034909704760921215,0.04910602117522746,0.0436685636972033,0.05063739570578722
std,0.0006481187813681782,0.0005175853131041804,0.0005551417153805264,0.0005126490708722564
min,0.032162847325856,0.0471606775060025,0.042106675251933,0.0485203823870398
0.5%,0.03330109943376968,0.04781651413085549,0.042262788163492396,0.04936542031849354
50%,0.03491527535523185,0.04910344944567905,0.0436838347227101,0.050642297039201895
99.5%,0.03656908493418414,0.05044666271343892,0.04513117232573265,0.05197645269522086
max,0.0371553338724156,0.0507437362609692,0.0454076467515164,0.052368976774394
