,FT-L,MEMIT,ROME,GPT-2 XL
count,1000.0,1000.0,1000.0,1000.0
mean,0.379712089172515,0.31921956659785666,0.13801435235402415,0.5244742806490001
std,0.0018698478947188546,0.0018534502101633114,0.0013506339526880337,0.002077536409404324
min,0.3739783782323806,0.3133504341560157,0.1340490721558067,0.5158917197508397
0.5%,0.3749575912793306,0.31447245171942756,0.13458734366099606,0.5190198893073581
50%,0.3797251684017152,0.3192405899808852,0.13804863180507776,0.5245097367813224
99.5%,0.38500447941567206,0.32390619082315436,0.1415382676892888,0.5296978453235187
max,0.3855231607143182,0.3249001144738366,0.1427442263063546,0.532114052709806
