,FT-L,MEMIT,ROME,GPT-2 XL
count,1000.0,1000.0,1000.0,1000.0
mean,0.7064761088175491,0.7744993189616898,0.7589142974621191,0.7840163930282459
std,0.001772761976762957,0.0016211683886754352,0.001663894826018458,0.0015954767378103306
min,0.7013907045073827,0.7696125614582716,0.7542215049017964,0.7790688535778874
0.5%,0.7022432832062133,0.7703341165656399,0.75478968933971,0.7799161527155624
50%,0.7065125485657862,0.7744166161188804,0.7588181917906457,0.7839576237943053
99.5%,0.7110612082498105,0.7784984301916431,0.7630518941717452,0.7878456173263392
max,0.7120995293035607,0.7792557817954685,0.7638931966495007,0.788791734087793
