,FT-L,ROME,GPT-2 M
count,1000.0,1000.0,1000.0
mean,1.352744435592284e-05,1.5704660621100236e-06,0.0
std,1.0741799553601096e-07,5.444707375288628e-08,0.0
min,1.3162135123754944e-05,1.3901527901971648e-06,0.0
0.5%,1.3262196360468563e-05,1.4305472162312909e-06,0.0
50%,1.352602784936752e-05,1.5724538039340794e-06,0.0
99.5%,1.3788081114425978e-05,1.7021336642671435e-06,0.0
max,1.3857513963220571e-05,1.7485201993939652e-06,0.0
