,FT-L,ROME,GPT-2 M
count,1000.0,1000.0,1000.0
mean,1.3519335437130123e-05,2.4778306644435856e-05,0.0
std,5.6999235449933676e-08,9.816415571676011e-08,0.0
min,1.3344048603029509e-05,2.445394639723098e-05,0.0
0.5%,1.3382949042832072e-05,2.451482520029193e-05,0.0
50%,1.3520342831877337e-05,2.4781118169094046e-05,0.0
99.5%,1.3669957183021435e-05,2.5030896050525922e-05,0.0
max,1.3690366786335909e-05,2.509790461606924e-05,0.0
