,FT-L,ROME,GPT-2 M
count,1000.0,1000.0,1000.0
mean,-0.10892266023620863,-0.3208209844378987,0.03990513953632501
std,0.0011794329486482754,0.0014957937730742782,0.0007614574973219196
min,-0.1134655485789854,-0.3252648279015058,0.0369796346926742
0.5%,-0.11199534804179098,-0.324494940281553,0.03792171243702545
50%,-0.1089173834523526,-0.3208776872441252,0.03987162803025695
99.5%,-0.10620899683723051,-0.31696735558814093,0.0419301240699691
max,-0.1054412023433923,-0.3156597190772582,0.0421240154942406
