,FT-L,ROME,GPT-2 M
count,1000.0,1000.0,1000.0
mean,-0.016477015101867862,0.0287766422960337,0.03620529424471883
std,0.0008000020527905254,0.0004635903077633763,0.0003990141811063865
min,-0.0190077287865615,0.0271514056253879,0.0346607425987837
0.5%,-0.018668399829614758,0.027574062932466982,0.035197231527565744
50%,-0.01646697907930315,0.0287833357304301,0.0362070843659072
99.5%,-0.014421213517182905,0.030028742174914757,0.03728681771346217
max,-0.014063398299858,0.0302666213472527,0.0375190683149001
