,FT-L,ROME,GPT-2 M
count,1000.0,1000.0,1000.0
mean,0.21330987114790492,0.10535846823446579,0.45730637150572845
std,0.0016044692263711897,0.0011625165486009537,0.0021048139944618463
min,0.2077460391490652,0.1015477606788436,0.4508449396022612
0.5%,0.20912843192144426,0.10241663606650905,0.45157291785205916
50%,0.21328959810618375,0.10534011952037156,0.45740164002947337
99.5%,0.21699027587357167,0.10847325419953777,0.4626083270116887
max,0.2186323937359317,0.1090236804021043,0.464846494951083
