,FT-L,ROME,GPT-2 M
count,1000.0,1000.0,1000.0
mean,0.5193535961333187,0.7220731379782444,0.7526193563044012
std,0.002023059838884418,0.0017535460001959478,0.001684064508305984
min,0.5137878160689285,0.7157435581175456,0.7468964534582059
0.5%,0.5145996681959671,0.7175365218346974,0.7485376891306693
50%,0.5193321028079001,0.7220695158041048,0.7526136260420275
99.5%,0.5243116848718995,0.7262802318984777,0.7568788472123585
max,0.5257099223314304,0.7270103547337466,0.7575017709025877
